date,video_id,platform,plays,reach,comments,likes,shares,score
2026-05-07,2050095295927457,fb,3136,3126,2,59,0,25
2026-05-07,821990560946949,fb,7362,7371,76,132,2,47
2026-05-07,26541072558894159,fb,3568,3532,0,83,0,17
2026-05-07,2039704963556171,fb,9199,9372,5,206,3,52
2026-05-07,1671239750567460,fb,3654,3678,0,51,3,27
2026-05-07,796828263186023,fb,8621,8630,129,121,0,52
2026-05-07,974792628330298,fb,15625,15909,2,401,7,53
2026-05-07,2248656868999741,fb,6986,7093,33,312,6,57
2026-05-07,942254035074221,fb,5505,5644,2,149,1,35
2026-05-07,1589419192539706,fb,1505,1478,1,45,0,19
2026-05-07,4342797209371871,fb,35810,35974,14,744,4,63
2026-05-07,848247071634612,fb,2513,2460,40,57,0,39
2026-05-07,832959339849869,fb,6441,6617,82,109,4,52
2026-05-07,1659281745117667,fb,5507,5355,5,139,10,54
2026-05-07,26920335274251064,fb,4633,4514,88,95,0,49
2026-05-07,2105862643317069,fb,5673,5969,105,89,4,58
2026-05-07,1621388699080925,fb,2191,2141,5,45,0,11
2026-05-07,1484578456379295,fb,3028,2904,0,75,3,26
2026-05-07,1244556247419577,fb,31559,33235,15,536,0,60
2026-05-07,1227351359195476,fb,12334,12426,18,377,19,67
2026-05-07,17921707305333986,ig,869,854,0,9,0,0
2026-05-07,18311920003278841,ig,2182,2149,1,51,8,39
2026-05-07,18083574995525867,ig,1467,1440,20,29,2,0
2026-05-07,18062242379415014,ig,4408,4374,0,99,2,29
2026-05-07,17965963686060929,ig,4505,4532,0,101,24,45
2026-05-07,18151543057415264,ig,3586,3324,15,37,4,24
2026-05-07,17998822607929829,ig,1522,1547,23,35,1,40
2026-05-07,17982421521003920,ig,3057,3045,0,57,3,27
2026-05-07,18105851549509097,ig,5323,5344,3,124,17,58
2026-05-07,18105667477723912,ig,1928,1905,11,49,1,19
2026-05-07,18055225880524372,ig,12959,13188,4,291,4,53
2026-05-07,17889398025346368,ig,1885,1910,24,23,3,41
2026-05-07,17858038980631344,ig,2611,2630,56,51,2,48
2026-05-07,17888877198350138,ig,3096,3019,4,147,51,53
2026-05-07,18428162641185239,ig,3089,3150,22,66,2,27
2026-05-07,17945036784159116,ig,48635,45856,18,1267,39,71
2026-05-07,18097207199034314,ig,5931,5764,3,156,53,65
2026-05-07,17896931571430319,ig,3293,3342,2,58,9,22
2026-05-07,2294434614419419,fb,14110,14321,4,451,29,65
2026-05-07,1480411827114437,fb,3351,3418,0,57,0,17
2026-05-07,17884106586513278,ig,2539,2421,1,87,22,43
2026-05-07,2671660139876729,fb,47503,60525,29,1148,3,64
2026-05-07,936590619013678,fb,5180,5304,0,95,11,43
2026-05-07,1320887196600099,fb,4789,5237,25,119,1,28
2026-05-07,18076028567534301,ig,12360,12205,5,462,15,64
2026-05-07,18077402978280199,ig,1132,1133,0,24,4,0
2026-05-07,18217336387316574,ig,1981,1993,33,32,2,46
2026-05-07,2199022047515003,fb,6454,6729,2,174,0,37
2026-05-07,1864229470939941,fb,5585,6166,4,113,0,41
2026-05-07,809802795138517,fb,5051,5366,0,134,5,25
2026-05-07,1479118220517328,fb,14977,15047,101,326,15,51
2026-05-07,2445443019237006,fb,4561,4744,0,96,4,33
2026-05-07,1327100795969723,fb,2648,2792,1,57,1,11
2026-05-07,770948119286458,fb,10364,10612,5,332,2,49
2026-05-07,1218409573702798,fb,4581,4588,2,73,1,17
2026-05-07,946358478014051,fb,7141,7512,83,88,0,49
2026-05-07,992409379972726,fb,2436,2421,2,16,0,8
2026-05-07,1685331449569077,fb,259871,307388,59,3640,237,71
2026-05-07,1297979515814750,fb,18467,18976,410,300,5,70
2026-05-07,1486532986230905,fb,1923,1972,0,18,0,11
2026-05-07,939633498894840,fb,7078,7492,75,144,1,46
2026-05-07,982031720841319,fb,8385,8441,75,165,5,48
2026-05-07,1950140099205338,fb,1450,1493,0,31,1,0
2026-05-07,1461501238810777,fb,8308,8677,145,138,0,60
2026-05-07,1532951375210753,fb,1053,1093,0,17,2,0
2026-05-07,935996825866036,fb,5308,5408,6,181,6,29
2026-05-07,1937578960215234,fb,5476,5146,0,81,4,37
2026-05-07,1519952812822608,fb,3298,3355,0,69,0,17
2026-05-07,1479065100557230,fb,1751,1770,1,39,0,21
2026-05-07,1495912212189973,fb,2684,2761,3,41,0,10
2026-05-07,789059620737242,fb,1270,1279,0,9,0,0
2026-05-07,2388503981575279,fb,3669,3618,1,66,0,23
2026-05-07,2469642576827530,fb,4750,4859,3,147,2,38
2026-05-07,2022651559131149,fb,8438,8909,107,139,1,54
2026-05-07,969440372335105,fb,6639,7264,156,105,6,67
2026-05-07,961299933495990,fb,14586,15584,1,219,3,47
2026-05-07,2508773376210204,fb,2736,2855,0,52,0,14
2026-05-07,957598923668086,fb,4363,4645,0,74,2,27
2026-05-07,1696584428367674,fb,1948,2071,0,15,0,11
2026-05-07,2395499794207288,fb,7439,8260,3,270,5,50
2026-05-07,26392497683756040,fb,6178,6181,0,151,6,43
2026-05-07,26454313877596632,fb,8203,8731,4,145,1,46
2026-05-07,3858337047796068,fb,3770,3896,0,50,6,33
2026-05-07,1298069738321853,fb,5018,4869,3,72,1,37
2026-05-07,1227153256163261,fb,7431,7761,166,82,1,62
2026-05-07,967046245934064,fb,20506,21675,5,437,6,55
2026-05-07,1269195391966710,fb,7574,7799,0,112,2,40
2026-05-07,1769058097811088,fb,38119,37982,1195,777,6,77
2026-05-07,842634435371875,fb,18758,19469,503,327,3,72
2026-05-07,950364297880185,fb,9369,9133,133,133,0,58
2026-05-07,867735193013841,fb,223708,255716,36,2414,19,60
2026-05-07,769488392912429,fb,6639,6679,251,107,0,67
2026-05-07,1544936643722271,fb,5890,6062,85,76,2,52
2026-05-07,1730299787955983,fb,11009,10966,0,128,3,46
2026-05-07,719970347845701,fb,23731,25960,12,360,6,59
2026-05-07,1624311645498383,fb,20664,24262,4,275,2,52
2026-05-07,1483391286500545,fb,40614,40034,385,620,23,58
2026-05-07,1299817488878471,fb,4805,4924,38,29,0,33
2026-05-07,1005268672175562,fb,5959,6181,89,61,0,52
2026-05-07,796937846629959,fb,16351,17150,1,310,1,47
2026-05-07,1130282035930544,fb,13264,13944,6,231,4,54
2026-05-07,2083101712639031,fb,19097,22519,3,267,1,50
2026-05-07,955314570685700,fb,2951,2980,2,55,0,26
2026-05-07,1934017617248107,fb,4265,4307,8,94,3,41
2026-05-07,1700950354372275,fb,7320,7717,25,154,7,59
2026-05-07,1878143446220097,fb,6610,7037,96,106,3,56
2026-05-07,1353928069903141,fb,4118,4243,5,111,0,32
2026-05-07,1462435125101204,fb,13841,14084,0,149,0,45
2026-05-07,2027719584763163,fb,8677,8820,129,182,5,62
2026-05-07,860368276317988,fb,33923,34563,4,509,29,63
2026-05-07,1267430578879497,fb,2475,2170,0,56,2,22
2026-05-07,1841116836557541,fb,1238,1198,8,27,1,0
2026-05-07,976175788228834,fb,1497,1454,0,35,4,0
2026-05-07,1312907507434093,fb,27366,26496,1,394,61,67
2026-05-07,1536080201282985,fb,8232,8378,212,192,0,51
2026-05-07,1973217906895873,fb,4447,4357,35,97,1,32
2026-05-07,2744523959238602,fb,4609,4693,48,116,2,40
2026-05-07,1647132799664170,fb,3837,3896,0,74,1,23
2026-05-07,2051659405765342,fb,989,936,0,16,0,0
2026-05-08,2050095295927457,fb,3136,3126,2,59,0,25
2026-05-08,821990560946949,fb,7358,7359,76,132,2,47
2026-05-08,26541072558894159,fb,3568,3532,0,83,0,18
2026-05-08,2039704963556171,fb,9197,9372,5,205,3,52
2026-05-08,1671239750567460,fb,3654,3678,0,51,3,28
2026-05-08,796828263186023,fb,8617,8627,129,120,0,52
2026-05-08,974792628330298,fb,15620,15904,2,401,7,53
2026-05-08,2248656868999741,fb,6985,7093,33,312,6,57
2026-05-08,942254035074221,fb,5504,5644,2,149,1,35
2026-05-08,1589419192539706,fb,1505,1478,1,45,0,20
2026-05-08,4342797209371871,fb,35750,35910,14,741,4,63
2026-05-08,848247071634612,fb,2513,2460,40,57,0,39
2026-05-08,832959339849869,fb,6439,6614,82,109,4,52
2026-05-08,1659281745117667,fb,5505,5355,5,139,10,54
2026-05-08,26920335274251064,fb,4633,4514,88,95,0,50
2026-05-08,2105862643317069,fb,5673,5969,105,89,4,59
2026-05-08,1621388699080925,fb,2191,2141,5,45,0,11
2026-05-08,1484578456379295,fb,3028,2904,0,75,3,27
2026-05-08,1244556247419577,fb,31557,33235,15,535,0,60
2026-05-08,17921707305333986,ig,869,854,0,9,0,0
2026-05-08,18311920003278841,ig,2182,2149,1,51,8,39
2026-05-08,18083574995525867,ig,1467,1440,20,29,2,0
2026-05-08,18062242379415014,ig,4408,4374,0,99,2,29
2026-05-08,17965963686060929,ig,4505,4532,0,101,24,46
2026-05-08,18151543057415264,ig,3586,3324,15,37,4,24
2026-05-08,17998822607929829,ig,1522,1547,23,35,1,40
2026-05-08,17982421521003920,ig,3057,3045,0,57,3,27
2026-05-08,18105851549509097,ig,5323,5344,3,124,17,58
2026-05-08,18105667477723912,ig,1928,1905,11,49,1,19
2026-05-08,18055225880524372,ig,12959,13188,4,291,4,54
2026-05-08,17889398025346368,ig,1885,1910,24,23,3,41
2026-05-08,17858038980631344,ig,2611,2630,56,51,2,48
2026-05-08,17888877198350138,ig,3096,3019,4,147,51,54
2026-05-08,18428162641185239,ig,3089,3150,22,66,2,27
2026-05-08,17945036784159116,ig,48635,45856,18,1267,39,71
2026-05-08,2294434614419419,fb,14082,14285,4,449,29,65
2026-05-08,1480411827114437,fb,3351,3418,0,57,0,17
2026-05-08,17884106586513278,ig,2539,2421,1,87,22,43
2026-05-08,2671660139876729,fb,47425,60322,29,1147,3,64
2026-05-08,936590619013678,fb,5179,5304,0,95,11,43
2026-05-08,1320887196600099,fb,4789,5237,25,119,1,28
2026-05-08,18076028567534301,ig,12360,12205,5,462,15,64
2026-05-08,18077402978280199,ig,1132,1133,0,24,4,0
2026-05-08,18217336387316574,ig,1981,1993,33,32,2,46
2026-05-08,2199022047515003,fb,6454,6729,2,174,0,37
2026-05-08,1864229470939941,fb,5584,6166,4,113,0,41
2026-05-08,809802795138517,fb,5049,5364,0,134,5,25
2026-05-08,1479118220517328,fb,14968,15042,101,326,15,51
2026-05-08,2445443019237006,fb,4559,4744,0,96,4,34
2026-05-08,1327100795969723,fb,2648,2792,1,57,1,11
2026-05-08,770948119286458,fb,10359,10612,5,331,2,49
2026-05-08,1218409573702798,fb,4581,4588,2,73,1,18
2026-05-08,946358478014051,fb,7141,7512,83,88,0,49
2026-05-08,992409379972726,fb,2436,2421,2,16,0,9
2026-05-08,1685331449569077,fb,259799,307388,59,3638,236,71
2026-05-08,1297979515814750,fb,18465,18976,410,300,5,71
2026-05-08,1486532986230905,fb,1923,1972,0,18,0,11
2026-05-08,939633498894840,fb,7078,7492,75,144,1,46
2026-05-08,982031720841319,fb,8382,8441,74,165,5,48
2026-05-08,1950140099205338,fb,1450,1493,0,31,1,0
2026-05-08,1461501238810777,fb,8307,8677,145,138,0,61
2026-05-08,1532951375210753,fb,1053,1093,0,17,2,0
2026-05-08,935996825866036,fb,5305,5408,6,181,6,29
2026-05-08,1937578960215234,fb,5476,5146,0,81,4,37
2026-05-08,1519952812822608,fb,3298,3355,0,69,0,17
2026-05-08,1479065100557230,fb,1750,1768,1,39,0,21
2026-05-08,1495912212189973,fb,2684,2761,3,41,0,10
2026-05-08,789059620737242,fb,1269,1279,0,9,0,0
2026-05-08,2388503981575279,fb,3669,3618,1,66,0,24
2026-05-08,2469642576827530,fb,4750,4859,3,147,2,38
2026-05-08,2022651559131149,fb,8438,8909,107,139,1,55
2026-05-08,969440372335105,fb,6634,7264,156,105,6,67
2026-05-08,961299933495990,fb,14579,15555,1,218,3,47
2026-05-08,2508773376210204,fb,2734,2855,0,52,0,15
2026-05-08,957598923668086,fb,4349,4635,0,74,2,28
2026-05-08,1696584428367674,fb,1948,2071,0,15,0,11
2026-05-08,2395499794207288,fb,7434,8246,3,270,5,50
2026-05-08,26392497683756040,fb,6177,6170,0,151,6,43
2026-05-08,26454313877596632,fb,8170,8697,4,145,1,46
2026-05-08,3858337047796068,fb,3770,3895,0,50,6,33
2026-05-08,1298069738321853,fb,5017,4869,3,72,1,37
2026-05-08,1227153256163261,fb,7424,7750,166,81,1,62
2026-05-08,967046245934064,fb,20489,21670,5,437,6,55
2026-05-08,1269195391966710,fb,7565,7791,0,112,2,40
2026-05-08,1769058097811088,fb,38098,37982,1195,777,6,77
2026-05-08,842634435371875,fb,18722,19432,502,327,3,72
2026-05-08,950364297880185,fb,9356,9133,133,133,0,58
2026-05-08,867735193013841,fb,223699,255716,36,2414,19,60
2026-05-08,769488392912429,fb,6635,6679,251,107,0,67
2026-05-08,1544936643722271,fb,5882,6044,85,76,2,53
2026-05-08,1730299787955983,fb,10982,10930,0,127,3,46
2026-05-08,719970347845701,fb,23720,25960,12,360,6,60
2026-05-08,1624311645498383,fb,20645,24196,4,275,2,52
2026-05-08,1483391286500545,fb,40526,39966,382,618,23,58
2026-05-08,1299817488878471,fb,4800,4924,38,29,0,34
2026-05-08,1005268672175562,fb,5951,6181,89,59,0,53
2026-05-08,796937846629959,fb,16335,17110,1,310,1,47
2026-05-08,1130282035930544,fb,13178,13835,6,231,4,54
2026-05-08,2083101712639031,fb,19012,22342,3,265,1,50
2026-05-08,955314570685700,fb,2945,2976,2,55,0,26
2026-05-08,1934017617248107,fb,4217,4299,8,94,3,42
2026-05-08,1700950354372275,fb,7298,7698,25,154,7,59
2026-05-08,1878143446220097,fb,6554,6988,93,105,3,55
2026-05-08,1353928069903141,fb,4086,4203,5,111,0,33
2026-05-08,1462435125101204,fb,13822,14069,0,149,0,45
2026-05-08,2027719584763163,fb,8635,8791,129,181,5,62
2026-05-08,860368276317988,fb,33846,34544,4,508,29,63
2026-05-08,1267430578879497,fb,2209,2141,0,55,2,23
2026-05-08,2744523959238602,fb,4293,4389,48,111,2,40
2026-05-08,1647132799664170,fb,3422,3460,0,68,1,22
2026-05-08,1973217906895873,fb,4225,4142,33,94,0,30
2026-05-08,1536080201282985,fb,7838,8071,203,183,0,50
2026-05-08,1312907507434093,fb,22533,21373,0,340,51,66
2026-05-08,1841116836557541,fb,802,709,8,18,1,0
2026-05-08,976175788228834,fb,1131,1115,0,26,4,0
2026-05-08,2051659405765342,fb,989,936,0,16,0,0
2026-05-08,964537213107656,fb,952,695,35,27,0,0
2026-05-08,990385046897065,fb,1282,1229,0,27,0,0
2026-05-08,1907964949918696,fb,204,0,0,0,0,0
2026-05-08,1448111353822208,fb,2239,1399,81,47,1,51
2026-05-08,1684234236090736,fb,1469,1245,23,27,0,0
2026-05-08,972523058975831,fb,865,804,1,12,0,0
2026-05-09,2050095295927457,fb,3138,3131,2,59,0,25
2026-05-09,821990560946949,fb,7370,7383,76,133,2,48
2026-05-09,26541072558894159,fb,3570,3538,0,83,0,17
2026-05-09,2039704963556171,fb,9210,9385,5,207,3,52
2026-05-09,1671239750567460,fb,3655,3678,0,51,3,28
2026-05-09,796828263186023,fb,8628,8642,129,122,0,52
2026-05-09,974792628330298,fb,15690,15930,2,404,7,54
2026-05-09,2248656868999741,fb,6991,7093,33,312,6,57
2026-05-09,942254035074221,fb,5513,5644,2,149,1,35
2026-05-09,1589419192539706,fb,1505,1478,1,45,0,20
2026-05-09,4342797209371871,fb,36099,36230,14,752,4,63
2026-05-09,848247071634612,fb,2514,2460,40,57,0,39
2026-05-09,17921707305333986,ig,869,854,0,9,0,0
2026-05-09,18311920003278841,ig,2182,2149,1,51,8,39
2026-05-09,18083574995525867,ig,1467,1440,20,29,2,0
2026-05-09,18062242379415014,ig,4408,4374,0,99,2,29
2026-05-09,17965963686060929,ig,4505,4532,0,101,24,45
2026-05-09,18151543057415264,ig,3586,3324,15,37,4,24
2026-05-09,17998822607929829,ig,1522,1547,23,35,1,40
2026-05-09,17982421521003920,ig,3057,3045,0,57,3,27
2026-05-09,18105851549509097,ig,5323,5344,3,124,17,58
2026-05-09,18105667477723912,ig,1928,1905,11,49,1,19
2026-05-09,18055225880524372,ig,12959,13188,4,291,4,53
2026-05-09,2294434614419419,fb,14308,14509,4,457,29,65
2026-05-09,1480411827114437,fb,3352,3418,0,57,0,17
2026-05-09,17884106586513278,ig,2539,2421,1,87,22,43
2026-05-09,2671660139876729,fb,47890,60800,29,1151,3,64
2026-05-09,936590619013678,fb,5182,5313,0,95,11,43
2026-05-09,1320887196600099,fb,4790,5237,25,119,1,28
2026-05-09,18076028567534301,ig,12360,12205,5,462,15,64
2026-05-09,18077402978280199,ig,1132,1133,0,24,4,0
2026-05-09,18217336387316574,ig,1981,1993,33,32,2,46
2026-05-09,2199022047515003,fb,6454,6729,2,174,0,38
2026-05-09,1864229470939941,fb,5596,6169,4,114,0,41
2026-05-09,809802795138517,fb,5054,5366,0,134,5,25
2026-05-09,1479118220517328,fb,15035,15106,101,330,15,51
2026-05-09,2445443019237006,fb,4569,4754,0,97,4,33
2026-05-09,1327100795969723,fb,2652,2796,1,57,1,11
2026-05-09,770948119286458,fb,10430,10705,5,335,2,50
2026-05-09,1218409573702798,fb,4582,4588,2,73,1,17
2026-05-09,946358478014051,fb,7148,7512,83,88,0,49
2026-05-09,992409379972726,fb,2438,2424,2,16,0,9
2026-05-09,1685331449569077,fb,260316,307938,59,3662,239,71
2026-05-09,1297979515814750,fb,18484,18990,410,300,5,70
2026-05-09,1486532986230905,fb,1923,1972,0,18,0,12
2026-05-09,939633498894840,fb,7081,7492,75,144,1,47
2026-05-09,982031720841319,fb,8404,8450,75,165,5,48
2026-05-09,1950140099205338,fb,1452,1495,0,31,1,0
2026-05-09,1461501238810777,fb,8311,8677,145,138,0,60
2026-05-09,1532951375210753,fb,1055,1095,0,17,2,0
2026-05-09,935996825866036,fb,5315,5410,6,181,6,30
2026-05-09,1937578960215234,fb,5480,5146,0,81,4,37
2026-05-09,1519952812822608,fb,3301,3360,0,69,0,17
2026-05-09,1479065100557230,fb,1763,1782,1,39,0,21
2026-05-09,1495912212189973,fb,2686,2761,3,41,0,10
2026-05-09,789059620737242,fb,1272,1282,0,9,0,0
2026-05-09,2388503981575279,fb,3672,3624,1,66,0,23
2026-05-09,2469642576827530,fb,4754,4859,3,147,2,38
2026-05-09,2022651559131149,fb,8447,8909,107,139,1,54
2026-05-09,969440372335105,fb,6668,7272,156,105,6,67
2026-05-09,961299933495990,fb,14777,15808,1,223,3,47
2026-05-09,2508773376210204,fb,2747,2867,0,52,0,14
2026-05-09,957598923668086,fb,4450,4704,0,75,2,27
2026-05-09,1696584428367674,fb,1953,2077,0,15,0,12
2026-05-09,2395499794207288,fb,7487,8321,3,272,5,51
2026-05-09,26392497683756040,fb,6196,6200,0,152,6,44
2026-05-09,26454313877596632,fb,8486,9045,4,150,2,47
2026-05-09,3858337047796068,fb,3782,3910,0,50,6,33
2026-05-09,1298069738321853,fb,5062,4935,3,73,1,37
2026-05-09,1227153256163261,fb,7458,7783,166,82,1,62
2026-05-09,967046245934064,fb,20583,21704,5,437,6,55
2026-05-09,1269195391966710,fb,7636,7868,0,114,2,40
2026-05-09,1769058097811088,fb,38229,38173,1198,779,7,77
2026-05-09,842634435371875,fb,18886,19607,511,334,3,73
2026-05-09,950364297880185,fb,9426,9193,133,136,0,58
2026-05-09,867735193013841,fb,223785,255801,37,2417,19,60
2026-05-09,769488392912429,fb,6710,6724,261,108,0,68
2026-05-09,1544936643722271,fb,5989,6132,93,79,3,56
2026-05-09,1730299787955983,fb,11181,11066,0,133,3,46
2026-05-09,719970347845701,fb,23812,26061,12,364,6,60
2026-05-09,1624311645498383,fb,20790,24345,4,280,2,52
2026-05-09,1483391286500545,fb,40945,40349,390,630,23,58
2026-05-09,1299817488878471,fb,4836,4946,38,32,0,33
2026-05-09,1005268672175562,fb,6028,6235,89,63,0,53
2026-05-09,796937846629959,fb,16473,17274,1,311,1,47
2026-05-09,1130282035930544,fb,13673,14450,6,241,5,55
2026-05-09,2083101712639031,fb,19440,22902,3,275,1,50
2026-05-09,955314570685700,fb,3005,3023,2,58,0,26
2026-05-09,1934017617248107,fb,4462,4478,8,97,3,42
2026-05-09,1700950354372275,fb,7428,7835,25,155,8,61
2026-05-09,1878143446220097,fb,6737,7170,96,108,3,56
2026-05-09,1353928069903141,fb,4347,4514,5,117,0,33
2026-05-09,1462435125101204,fb,14005,14254,0,155,0,45
2026-05-09,2027719584763163,fb,8985,9093,132,191,5,62
2026-05-09,860368276317988,fb,34440,34861,4,515,29,64
2026-05-09,1267430578879497,fb,5167,5251,0,85,3,33
2026-05-09,2744523959238602,fb,5338,5463,58,137,2,45
2026-05-09,1647132799664170,fb,5617,5745,0,107,2,34
2026-05-09,1973217906895873,fb,4995,5128,39,111,2,36
2026-05-09,1536080201282985,fb,9375,9571,228,220,0,54
2026-05-09,1312907507434093,fb,42453,43036,3,579,85,71
2026-05-09,1841116836557541,fb,5135,5179,28,67,1,29
2026-05-09,976175788228834,fb,5055,4869,2,117,14,49
2026-05-09,2051659405765342,fb,3953,3867,0,67,0,19
2026-05-09,964537213107656,fb,952,695,35,27,0,0
2026-05-09,990385046897065,fb,1282,1229,0,27,0,0
2026-05-09,1907964949918696,fb,204,0,0,0,0,0
2026-05-09,1448111353822208,fb,2239,1399,81,47,1,51
2026-05-09,1684234236090736,fb,1469,1245,23,27,0,0
2026-05-09,972523058975831,fb,865,804,1,12,0,0
2026-05-09,953022430832202,fb,1067,1008,32,21,0,0
2026-05-09,2057824875115921,fb,3639,3122,2,148,20,46
2026-05-09,3030056877184386,fb,1250,1093,1,16,0,0
2026-05-10,2050095295927457,fb,3138,3131,2,59,0,24
2026-05-10,821990560946949,fb,7379,7400,76,133,2,48
2026-05-10,26541072558894159,fb,3570,3538,0,83,0,17
2026-05-10,2039704963556171,fb,9216,9385,5,207,3,52
2026-05-10,1671239750567460,fb,3659,3684,0,52,3,27
2026-05-10,796828263186023,fb,8638,8645,129,122,0,52
2026-05-10,974792628330298,fb,15738,15999,2,406,7,54
2026-05-10,2248656868999741,fb,6996,7093,34,314,6,57
2026-05-10,17921707305333986,ig,869,854,0,9,0,0
2026-05-10,18311920003278841,ig,2182,2149,1,51,8,39
2026-05-10,18083574995525867,ig,1467,1440,20,29,2,0
2026-05-10,18062242379415014,ig,4408,4374,0,99,2,28
2026-05-10,17965963686060929,ig,4505,4532,0,101,24,45
2026-05-10,18151543057415264,ig,3586,3324,15,37,4,24
2026-05-10,17998822607929829,ig,1522,1547,23,35,1,40
2026-05-10,17982421521003920,ig,3057,3045,0,57,3,27
2026-05-10,2294434614419419,fb,14556,14699,4,468,29,66
2026-05-10,1480411827114437,fb,3355,3418,0,57,0,16
2026-05-10,17884106586513278,ig,2539,2421,1,87,22,42
2026-05-10,2671660139876729,fb,48334,61481,29,1157,3,64
2026-05-10,936590619013678,fb,5182,5313,0,95,11,42
2026-05-10,1320887196600099,fb,4790,5237,25,119,1,27
2026-05-10,18076028567534301,ig,12360,12205,5,462,15,64
2026-05-10,18077402978280199,ig,1132,1133,0,24,4,0
2026-05-10,18217336387316574,ig,1981,1993,33,32,2,46
2026-05-10,2199022047515003,fb,6455,6729,2,174,0,38
2026-05-10,1864229470939941,fb,5601,6169,4,114,0,41
2026-05-10,809802795138517,fb,5054,5366,0,134,5,24
2026-05-10,1479118220517328,fb,15086,15135,101,331,15,51
2026-05-10,2445443019237006,fb,4575,4754,0,97,4,32
2026-05-10,1327100795969723,fb,2653,2796,1,57,1,10
2026-05-10,770948119286458,fb,10457,10712,5,337,2,50
2026-05-10,1218409573702798,fb,4583,4597,2,73,1,16
2026-05-10,946358478014051,fb,7158,7512,83,88,0,49
2026-05-10,992409379972726,fb,2439,2424,2,16,0,8
2026-05-10,1685331449569077,fb,260819,308306,59,3678,240,72
2026-05-10,1297979515814750,fb,18511,19042,410,304,5,71
2026-05-10,1486532986230905,fb,1924,1972,0,18,0,11
2026-05-10,939633498894840,fb,7087,7496,75,144,1,47
2026-05-10,982031720841319,fb,8418,8468,75,165,5,48
2026-05-10,1950140099205338,fb,1452,1495,0,31,1,0
2026-05-10,1461501238810777,fb,8312,8680,145,138,0,60
2026-05-10,1532951375210753,fb,1058,1098,0,17,2,0
2026-05-10,935996825866036,fb,5319,5410,6,181,6,28
2026-05-10,1937578960215234,fb,5489,5147,0,81,4,36
2026-05-10,1519952812822608,fb,3302,3360,0,69,0,16
2026-05-10,1479065100557230,fb,1766,1782,1,39,0,21
2026-05-10,1495912212189973,fb,2690,2765,3,41,0,9
2026-05-10,789059620737242,fb,1275,1282,0,9,0,0
2026-05-10,2388503981575279,fb,3679,3630,1,66,0,23
2026-05-10,2469642576827530,fb,4763,4859,3,147,2,38
2026-05-10,2022651559131149,fb,8475,8935,107,140,1,54
2026-05-10,969440372335105,fb,6698,7304,156,107,6,67
2026-05-10,961299933495990,fb,15453,16701,1,228,3,47
2026-05-10,2508773376210204,fb,2762,2875,0,52,0,14
2026-05-10,957598923668086,fb,4500,4806,0,76,2,26
2026-05-10,1696584428367674,fb,1959,2079,0,15,0,11
2026-05-10,2395499794207288,fb,7542,8375,3,274,5,51
2026-05-10,26392497683756040,fb,6211,6207,0,152,6,44
2026-05-10,26454313877596632,fb,8634,9202,4,152,2,48
2026-05-10,3858337047796068,fb,3790,3918,0,50,6,32
2026-05-10,1298069738321853,fb,5106,5147,3,74,1,37
2026-05-10,1227153256163261,fb,7470,7792,166,82,1,62
2026-05-10,967046245934064,fb,20684,21760,5,442,7,56
2026-05-10,1269195391966710,fb,7664,7900,0,114,2,41
2026-05-10,1769058097811088,fb,38332,38370,1199,781,7,77
2026-05-10,842634435371875,fb,18943,19626,512,336,3,73
2026-05-10,950364297880185,fb,9448,9216,133,136,0,58
2026-05-10,867735193013841,fb,223854,255801,37,2420,19,59
2026-05-10,769488392912429,fb,6732,6732,261,108,0,68
2026-05-10,1544936643722271,fb,6020,6150,93,80,3,56
2026-05-10,1730299787955983,fb,11213,11087,0,133,3,47
2026-05-10,719970347845701,fb,23884,26181,12,366,6,60
2026-05-10,1624311645498383,fb,20885,24424,4,282,2,52
2026-05-10,1483391286500545,fb,41251,40599,390,635,23,58
2026-05-10,1299817488878471,fb,4865,5003,38,32,0,32
2026-05-10,1005268672175562,fb,6126,6303,92,65,0,53
2026-05-10,796937846629959,fb,16590,17391,1,313,1,47
2026-05-10,1130282035930544,fb,13960,14664,6,247,5,56
2026-05-10,2083101712639031,fb,19723,23193,3,280,1,50
2026-05-10,955314570685700,fb,3056,3063,2,59,0,25
2026-05-10,1934017617248107,fb,4615,4616,8,100,3,42
2026-05-10,1700950354372275,fb,7553,7966,25,158,8,61
2026-05-10,1878143446220097,fb,6834,7267,97,110,3,56
2026-05-10,1353928069903141,fb,4613,4795,5,121,1,36
2026-05-10,1462435125101204,fb,14157,14415,0,159,0,45
2026-05-10,2027719584763163,fb,9197,9302,134,194,5,62
2026-05-10,860368276317988,fb,34808,35116,4,525,30,64
2026-05-10,1267430578879497,fb,5395,5481,1,91,4,39
2026-05-10,2744523959238602,fb,5550,5682,58,144,2,44
2026-05-10,1647132799664170,fb,5996,6122,0,123,3,38
2026-05-10,1973217906895873,fb,5177,5303,39,118,2,36
2026-05-10,1536080201282985,fb,9667,9919,228,225,0,54
2026-05-10,1312907507434093,fb,46359,46087,3,631,91,71
2026-05-10,1841116836557541,fb,5441,5455,30,72,1,29
2026-05-10,976175788228834,fb,5722,5700,2,144,15,53
2026-05-10,2051659405765342,fb,5490,5537,0,94,1,29
2026-05-10,964537213107656,fb,6577,6870,144,146,3,63
2026-05-10,990385046897065,fb,5759,5924,0,89,1,33
2026-05-10,1907964949918696,fb,5008,4848,23,62,1,24
2026-05-10,1448111353822208,fb,12160,12327,342,233,5,74
2026-05-10,1684234236090736,fb,5425,5514,55,102,1,40
2026-05-10,972523058975831,fb,4636,4645,1,35,0,25
2026-05-10,953022430832202,fb,1067,1008,32,21,0,0
2026-05-10,2057824875115921,fb,3639,3122,2,148,20,46
2026-05-10,3030056877184386,fb,1250,1093,1,16,0,0
2026-05-10,1777886130254759,fb,1160,1046,33,30,1,0
2026-05-10,1628347578388104,fb,4768,4754,11,184,0,37
2026-05-10,1843521206326271,fb,1005,909,0,18,0,0
2026-05-11,2050095295927457,fb,3139,3136,2,59,0,24
2026-05-11,821990560946949,fb,7385,7411,76,133,2,48
2026-05-11,26541072558894159,fb,3580,3538,0,84,0,16
2026-05-11,2039704963556171,fb,9230,9388,5,207,3,52
2026-05-11,17921707305333986,ig,869,854,0,9,0,0
2026-05-11,18311920003278841,ig,2182,2149,1,51,8,39
2026-05-11,18083574995525867,ig,1467,1440,20,29,2,0
2026-05-11,18062242379415014,ig,4408,4374,0,99,2,28
2026-05-11,2294434614419419,fb,14952,15125,5,484,29,66
2026-05-11,1480411827114437,fb,3359,3423,0,57,0,16
2026-05-11,17884106586513278,ig,2539,2421,1,87,22,43
2026-05-11,2671660139876729,fb,48909,61922,29,1162,3,64
2026-05-11,936590619013678,fb,5184,5313,0,95,11,42
2026-05-11,1320887196600099,fb,4794,5242,25,119,1,26
2026-05-11,18076028567534301,ig,12360,12205,5,462,15,64
2026-05-11,18077402978280199,ig,1132,1133,0,24,4,0
2026-05-11,18217336387316574,ig,1981,1993,33,32,2,45
2026-05-11,2199022047515003,fb,6457,6729,2,174,0,38
2026-05-11,1864229470939941,fb,5609,6190,4,115,0,40
2026-05-11,809802795138517,fb,5058,5366,0,134,5,23
2026-05-11,1479118220517328,fb,15163,15232,101,335,15,51
2026-05-11,2445443019237006,fb,4590,4754,0,97,4,32
2026-05-11,1327100795969723,fb,2655,2800,1,57,1,10
2026-05-11,770948119286458,fb,10511,10750,5,337,2,50
2026-05-11,1218409573702798,fb,4591,4607,2,73,1,16
2026-05-11,946358478014051,fb,7184,7512,83,88,0,49
2026-05-11,992409379972726,fb,2442,2431,2,16,0,8
2026-05-11,1685331449569077,fb,261519,308552,59,3704,242,72
2026-05-11,1297979515814750,fb,18541,19059,410,305,5,71
2026-05-11,1486532986230905,fb,1929,1980,0,18,0,11
2026-05-11,939633498894840,fb,7092,7496,75,145,1,46
2026-05-11,982031720841319,fb,8456,8507,75,169,5,48
2026-05-11,1950140099205338,fb,1453,1495,0,31,1,0
2026-05-11,1461501238810777,fb,8313,8680,145,138,0,60
2026-05-11,1532951375210753,fb,1060,1100,0,17,2,0
2026-05-11,935996825866036,fb,5323,5418,6,181,6,28
2026-05-11,1937578960215234,fb,5501,5156,0,81,4,35
2026-05-11,1519952812822608,fb,3306,3365,0,69,0,16
2026-05-11,1479065100557230,fb,1769,1784,1,39,0,21
2026-05-11,1495912212189973,fb,2698,2772,3,41,0,9
2026-05-11,789059620737242,fb,1280,1290,0,9,0,0
2026-05-11,2388503981575279,fb,3690,3654,1,66,0,22
2026-05-11,2469642576827530,fb,4769,4859,3,148,2,37
2026-05-11,2022651559131149,fb,8509,8972,108,141,1,54
2026-05-11,969440372335105,fb,6739,7338,157,108,6,67
2026-05-11,961299933495990,fb,17015,18504,1,243,4,49
2026-05-11,2508773376210204,fb,2777,2892,0,52,0,14
2026-05-11,957598923668086,fb,4549,4859,0,78,2,26
2026-05-11,1696584428367674,fb,1965,2088,0,15,0,11
2026-05-11,2395499794207288,fb,7633,8445,3,278,5,51
2026-05-11,26392497683756040,fb,6233,6237,0,152,6,43
2026-05-11,26454313877596632,fb,8708,9282,4,153,2,48
2026-05-11,3858337047796068,fb,3804,3932,0,51,6,32
2026-05-11,1298069738321853,fb,5152,5178,3,74,1,37
2026-05-11,1227153256163261,fb,7492,7811,167,83,1,62
2026-05-11,967046245934064,fb,20779,21904,5,443,7,56
2026-05-11,1269195391966710,fb,7722,7963,0,115,2,41
2026-05-11,1769058097811088,fb,38469,38445,1199,785,7,77
2026-05-11,842634435371875,fb,19039,19711,512,340,3,73
2026-05-11,950364297880185,fb,9476,9266,134,137,0,58
2026-05-11,867735193013841,fb,223928,255801,37,2420,19,60
2026-05-11,769488392912429,fb,6741,6737,261,109,1,68
2026-05-11,1544936643722271,fb,6041,6161,93,80,3,55
2026-05-11,1730299787955983,fb,11238,11138,0,133,3,47
2026-05-11,719970347845701,fb,23979,26258,12,369,6,60
2026-05-11,1624311645498383,fb,21035,24585,4,284,2,52
2026-05-11,1483391286500545,fb,41726,41029,391,641,23,58
2026-05-11,1299817488878471,fb,4897,5003,38,32,0,31
2026-05-11,1005268672175562,fb,6155,6308,92,65,0,52
2026-05-11,796937846629959,fb,16707,17544,1,315,1,47
2026-05-11,1130282035930544,fb,14223,14879,7,253,5,57
2026-05-11,2083101712639031,fb,20051,23546,4,289,1,51
2026-05-11,955314570685700,fb,3105,3122,2,59,0,26
2026-05-11,1934017617248107,fb,4894,4891,8,109,3,43
2026-05-11,1700950354372275,fb,7681,8103,26,160,8,61
2026-05-11,1878143446220097,fb,6929,7358,97,112,3,55
2026-05-11,1353928069903141,fb,4882,5204,5,126,1,38
2026-05-11,1462435125101204,fb,14301,14564,0,160,0,45
2026-05-11,2027719584763163,fb,9332,9386,135,199,5,62
2026-05-11,860368276317988,fb,35528,35792,4,544,31,64
2026-05-11,1267430578879497,fb,5511,5616,1,94,4,38
2026-05-11,2744523959238602,fb,5700,5835,61,145,2,43
2026-05-11,1647132799664170,fb,6364,6514,0,130,3,38
2026-05-11,1973217906895873,fb,5289,5417,39,120,2,36
2026-05-11,1536080201282985,fb,9844,10086,230,227,0,55
2026-05-11,1312907507434093,fb,51371,50769,4,720,107,72
2026-05-11,1841116836557541,fb,5609,5615,31,76,1,29
2026-05-11,976175788228834,fb,6287,6244,2,165,17,55
2026-05-11,2051659405765342,fb,5743,5786,0,98,1,30
2026-05-11,964537213107656,fb,7859,7906,161,174,5,65
2026-05-11,990385046897065,fb,6623,6774,0,98,1,36
2026-05-11,1907964949918696,fb,6027,6082,32,90,1,30
2026-05-11,1448111353822208,fb,17688,17975,481,349,8,76
2026-05-11,1684234236090736,fb,6542,6569,75,124,1,46
2026-05-11,972523058975831,fb,5720,5812,1,47,0,31
2026-05-11,953022430832202,fb,9022,9406,186,147,1,64
2026-05-11,2057824875115921,fb,38280,37561,10,950,143,77
2026-05-11,3030056877184386,fb,4550,4514,4,77,0,31
2026-05-11,1777886130254759,fb,1160,1046,33,30,1,0
2026-05-11,1628347578388104,fb,4768,4754,11,184,0,38
2026-05-11,1843521206326271,fb,1005,909,0,18,0,0
2026-05-11,2485198338568357,fb,1746,1693,15,36,0,22
2026-05-11,939569669073933,fb,1517,1570,0,45,0,12
2026-05-11,1645169876749832,fb,311,13,0,0,0,0
2026-05-12,2294434614419419,fb,15486,15643,7,517,32,68
2026-05-12,1480411827114437,fb,3361,3428,0,57,0,16
2026-05-12,17884106586513278,ig,2539,2421,1,87,22,43
2026-05-12,2671660139876729,fb,49347,62468,29,1175,3,64
2026-05-12,936590619013678,fb,5187,5324,0,95,11,41
2026-05-12,1320887196600099,fb,4797,5247,25,119,1,26
2026-05-12,18076028567534301,ig,12360,12205,5,462,15,64
2026-05-12,18077402978280199,ig,1132,1133,0,24,4,0
2026-05-12,18217336387316574,ig,1981,1993,33,32,2,46
2026-05-12,2199022047515003,fb,6472,6747,2,174,0,37
2026-05-12,1864229470939941,fb,5619,6200,4,115,0,40
2026-05-12,809802795138517,fb,5068,5377,0,134,5,23
2026-05-12,1479118220517328,fb,15248,15350,102,338,15,50
2026-05-12,2445443019237006,fb,4600,4754,0,97,4,32
2026-05-12,1327100795969723,fb,2658,2800,1,57,1,10
2026-05-12,770948119286458,fb,10656,10864,5,346,2,50
2026-05-12,1218409573702798,fb,4599,4607,2,74,1,16
2026-05-12,946358478014051,fb,7195,7517,83,88,0,48
2026-05-12,992409379972726,fb,2443,2431,2,16,0,8
2026-05-12,1685331449569077,fb,262388,309492,61,3743,244,72
2026-05-12,1297979515814750,fb,18566,19104,412,305,5,71
2026-05-12,1486532986230905,fb,1933,1982,0,18,0,11
2026-05-12,939633498894840,fb,7099,7501,75,145,1,46
2026-05-12,982031720841319,fb,8489,8543,75,169,5,48
2026-05-12,1950140099205338,fb,1454,1495,0,31,1,0
2026-05-12,1461501238810777,fb,8316,8680,145,138,0,60
2026-05-12,1532951375210753,fb,1062,1100,0,17,2,0
2026-05-12,935996825866036,fb,5330,5429,6,181,6,27
2026-05-12,1937578960215234,fb,5511,5160,0,81,4,35
2026-05-12,1519952812822608,fb,3313,3376,0,69,0,16
2026-05-12,1479065100557230,fb,1774,1784,1,39,0,21
2026-05-12,1495912212189973,fb,2710,2788,3,41,0,9
2026-05-12,789059620737242,fb,1283,1294,0,9,0,0
2026-05-12,2388503981575279,fb,3695,3654,1,66,0,23
2026-05-12,2469642576827530,fb,4773,4859,3,148,2,37
2026-05-12,2022651559131149,fb,8565,9008,108,142,1,54
2026-05-12,969440372335105,fb,6757,7369,157,110,6,67
2026-05-12,961299933495990,fb,17551,19050,1,252,4,49
2026-05-12,2508773376210204,fb,2788,2892,0,52,0,14
2026-05-12,957598923668086,fb,4626,4946,0,80,2,27
2026-05-12,1696584428367674,fb,1974,2104,0,15,0,11
2026-05-12,2395499794207288,fb,7696,8524,3,280,5,51
2026-05-12,26392497683756040,fb,6247,6245,0,152,6,43
2026-05-12,26454313877596632,fb,8845,9400,4,155,2,48
2026-05-12,3858337047796068,fb,3813,3940,0,51,6,33
2026-05-12,1298069738321853,fb,5200,5224,3,74,1,37
2026-05-12,1227153256163261,fb,7511,7832,167,83,1,62
2026-05-12,967046245934064,fb,20905,22168,5,449,7,56
2026-05-12,1269195391966710,fb,7783,8026,0,115,2,40
2026-05-12,1769058097811088,fb,38574,38654,1199,786,7,77
2026-05-12,842634435371875,fb,19137,19854,512,345,5,74
2026-05-12,950364297880185,fb,9506,9298,134,137,0,57
2026-05-12,867735193013841,fb,224018,255801,37,2421,19,60
2026-05-12,769488392912429,fb,6757,6755,261,110,1,67
2026-05-12,1544936643722271,fb,6079,6209,95,80,3,55
2026-05-12,1730299787955983,fb,11274,11168,0,133,3,47
2026-05-12,719970347845701,fb,24179,26460,13,377,6,60
2026-05-12,1624311645498383,fb,21236,24851,4,289,2,52
2026-05-12,1483391286500545,fb,42123,41650,392,644,23,58
2026-05-12,1299817488878471,fb,4929,5108,38,32,0,31
2026-05-12,1005268672175562,fb,6179,6329,92,65,0,51
2026-05-12,796937846629959,fb,16894,17769,1,322,1,47
2026-05-12,1130282035930544,fb,14539,15212,7,263,5,57
2026-05-12,2083101712639031,fb,20357,23843,5,301,1,52
2026-05-12,955314570685700,fb,3147,3182,2,61,0,26
2026-05-12,1934017617248107,fb,5002,5214,8,112,3,43
2026-05-12,1700950354372275,fb,7786,8212,26,167,10,62
2026-05-12,1878143446220097,fb,7011,7441,100,112,3,56
2026-05-12,1353928069903141,fb,5140,5471,5,135,1,39
2026-05-12,1462435125101204,fb,14451,14727,0,161,0,45
2026-05-12,2027719584763163,fb,9441,9533,136,200,5,62
2026-05-12,860368276317988,fb,36775,36927,4,589,33,65
2026-05-12,1267430578879497,fb,5694,5816,1,103,4,40
2026-05-12,2744523959238602,fb,5827,5965,61,151,2,43
2026-05-12,1647132799664170,fb,6743,6876,0,138,3,39
2026-05-12,1973217906895873,fb,5407,5535,39,124,2,36
2026-05-12,1536080201282985,fb,9971,10153,230,229,0,55
2026-05-12,1312907507434093,fb,57005,55780,4,812,117,72
2026-05-12,1841116836557541,fb,5720,5728,31,76,1,29
2026-05-12,976175788228834,fb,6730,6655,2,190,19,56
2026-05-12,2051659405765342,fb,5920,5967,0,103,2,33
2026-05-12,964537213107656,fb,8564,8594,172,182,5,65
2026-05-12,990385046897065,fb,7824,8147,0,118,2,40
2026-05-12,1907964949918696,fb,6431,6490,34,97,1,31
2026-05-12,1448111353822208,fb,21116,21288,558,426,9,76
2026-05-12,1684234236090736,fb,6880,6847,75,134,1,45
2026-05-12,972523058975831,fb,5934,5987,1,49,0,32
2026-05-12,953022430832202,fb,10463,10970,203,171,1,64
2026-05-12,2057824875115921,fb,75226,74579,21,1823,317,80
2026-05-12,3030056877184386,fb,5270,5345,4,89,0,36
2026-05-12,1777886130254759,fb,10687,11253,167,172,9,66
2026-05-12,1628347578388104,fb,34926,35875,23,797,5,65
2026-05-12,1843521206326271,fb,3504,3572,0,107,3,27
2026-05-12,2485198338568357,fb,1746,1693,15,36,0,22
2026-05-12,939569669073933,fb,1517,1570,0,45,0,12
2026-05-12,1645169876749832,fb,311,13,0,0,0,0
2026-05-12,834508439252141,fb,157,0,0,0,0,0
2026-05-12,1013787674309235,fb,1230,1051,1,20,0,0
2026-05-12,18158969239452589,ig,3724,2847,0,46,0,14
2026-05-12,18094037383899600,ig,4150,3201,0,103,11,20
2026-05-12,18088148102593158,ig,7209,5482,53,134,11,44
2026-05-12,17889209043351149,ig,12841,10094,1,185,50,60
2026-05-12,17897596362439995,ig,12725,8949,4,218,10,54
2026-05-12,17928927198256219,ig,2742,2180,5,24,1,13
2026-05-12,18369921802204810,ig,16024,10215,192,148,18,65
2026-05-12,17935483923216851,ig,23467,16778,3,488,48,67
2026-05-12,18127431946573632,ig,2316,1823,14,13,1,22
2026-05-12,18103702759936421,ig,5504,3989,184,92,5,65
2026-05-12,18140932966518922,ig,28847,19514,67,696,47,49
2026-05-12,17866823223671708,ig,2721,2298,0,33,4,29
2026-05-12,17978131740007316,ig,4680,3696,23,39,0,21
2026-05-12,17956390098108684,ig,4275,3103,53,45,3,44
2026-05-12,18079713500392937,ig,3094,2481,1,24,7,41
2026-05-12,17966695179076342,ig,3917,3122,67,53,1,46
2026-05-12,17893518405460188,ig,6373,4985,5,143,23,29
2026-05-12,18073511819252581,ig,6505,5302,0,59,2,26
2026-05-12,18078635114149965,ig,4985,4227,14,33,5,26
2026-05-12,17934267153230042,ig,14947,10811,2,285,15,54
2026-05-12,18121299403649184,ig,5723,4859,0,54,1,22
2026-05-12,17848129185696999,ig,308907,207859,38,5064,153,67
2026-05-12,18002527046872703,ig,9245,6458,2,117,34,57
2026-05-12,17925063801298597,ig,3368,3059,0,38,5,31
2026-05-12,18065866658677378,ig,4474,3847,44,30,8,45
2026-05-12,18556776097067563,ig,2404,1956,42,34,2,48
2026-05-12,18080055440420540,ig,41414,31766,4,845,57,70
2026-05-12,18092003369018307,ig,4589,3714,1,53,10,43
2026-05-12,18324450136269024,ig,10732,8230,1,191,25,55
2026-05-12,17873643594604371,ig,15405,12445,3,337,14,56
2026-05-12,18118848475736830,ig,2257,1818,35,34,0,39
2026-05-12,18216432151320463,ig,26350,16502,1,270,18,56
2026-05-12,18352201690239937,ig,9404,6253,6,162,4,46
2026-05-12,18196103506363386,ig,18953,13042,0,133,11,48
2026-05-12,17991109511967696,ig,2404,1959,0,24,6,32
2026-05-12,18120234268728255,ig,4220,3067,2,86,23,50
2026-05-12,18088999703600578,ig,2693,2138,61,27,1,50
2026-05-12,18188533369370647,ig,36952,24564,2,681,25,60
2026-05-12,17863559952620581,ig,6341,4340,0,40,1,22
2026-05-12,17993915882778870,ig,9456,6787,443,247,5,73
2026-05-12,18200689852349634,ig,6683,5327,233,112,7,71
2026-05-12,18062422460424528,ig,5812,4816,56,85,3,41
2026-05-12,18102135334945462,ig,71117,41065,19,1257,45,70
2026-05-12,18069595058662385,ig,2480,2030,30,31,0,35
2026-05-12,18093309229919164,ig,26357,15564,490,399,46,79
2026-05-12,18580941652042688,ig,3948,2612,1,45,6,39
2026-05-12,18318408778282211,ig,28242,18453,5,383,4,52
2026-05-12,18128663083519983,ig,7561,5292,0,112,3,29
2026-05-12,18575694277009467,ig,20706,13663,289,404,37,71
2026-05-12,18104116411755060,ig,2182,1569,33,29,0,38
2026-05-12,18098677016120766,ig,2761,1974,14,82,4,43
2026-05-12,18007627949910156,ig,1813,1493,10,16,0,17
2026-05-12,17901569583264130,ig,44935,24920,3,1097,46,67
2026-05-12,18358764757237078,ig,3927,2674,0,41,3,25
2026-05-12,18019673342831759,ig,11186,7531,3,177,3,42
2026-05-12,18082906328379345,ig,4343,2929,42,73,29,44
2026-05-12,18064678049402899,ig,1298,1071,2,11,0,0
2026-05-12,17999705177926524,ig,1752,1202,1,18,0,21
2026-05-12,17891632116341434,ig,4516,3145,3,37,2,34
2026-05-12,18321779176253488,ig,5559,3572,14,124,14,53
2026-05-12,18120202501735077,ig,3619,2577,50,53,26,51
2026-05-12,17919176484147579,ig,14016,9974,4,176,32,64
2026-05-12,17952063141137025,ig,3017,2060,0,16,0,12
2026-05-12,18121838269714312,ig,5381,3776,0,73,6,33
2026-05-12,18066245798341010,ig,7445,5298,85,126,6,50
2026-05-12,18050617241737824,ig,8871,5729,1,139,22,51
2026-05-12,18067488362669652,ig,4840,3304,0,46,10,37
2026-05-12,17977045566040438,ig,1697,1264,8,15,1,19
2026-05-12,17854124580658550,ig,4750,3076,0,50,2,22
2026-05-12,18181542772376541,ig,2389,1718,6,32,0,11
2026-05-12,17859374676633634,ig,2277,1571,26,22,0,25
2026-05-12,18122470582713753,ig,7115,5049,3,132,34,57
2026-05-12,18049042016750312,ig,2176,1543,16,20,30,35
2026-05-12,18090971609602219,ig,2400,1702,1,54,11,44
2026-05-12,18106786958493165,ig,2043,1550,0,25,4,29
2026-05-12,18088233017593320,ig,2420,1641,43,37,1,45
2026-05-12,18002641526869724,ig,4706,3150,1,35,2,28
2026-05-12,17939117532212500,ig,2686,1920,36,25,1,39
2026-05-12,18092265139960973,ig,7542,5719,215,229,7,70
2026-05-12,18194202823363273,ig,2097,1584,22,44,0,30
2026-05-12,17887712688482246,ig,4525,2997,0,32,0,15
2026-05-12,17873294280605366,ig,2080,1487,30,24,4,48
2026-05-12,18099397934040780,ig,9036,5776,3,245,90,62
2026-05-12,18130004215599118,ig,3772,2566,0,46,2,22
2026-05-12,17955648879133440,ig,1861,1372,14,31,1,26
2026-05-12,17862628818573442,ig,33181,18511,9,573,15,61
2026-05-12,18588612718030449,ig,4443,3131,1,84,3,32
2026-05-12,17929767270086058,ig,1930,1299,16,28,2,32
2026-05-12,18089268209584232,ig,3285,2366,0,50,0,13
2026-05-12,18081598103435504,ig,4692,3527,0,72,6,32
2026-05-12,18142931524453569,ig,757,375,5,13,0,0
2026-05-12,18076907633220845,ig,4786,2538,4,84,1,31
2026-05-12,1457050302409510,fb,315,173,0,0,0,0
2026-05-12,18123342931714429,ig,448,178,1,7,0,0
2026-05-13,2199022047515003,fb,6489,6765,2,174,0,38
2026-05-13,1864229470939941,fb,5628,6212,4,115,0,40
2026-05-13,18158969239452589,ig,3724,2847,0,46,0,18
2026-05-13,809802795138517,fb,5080,5389,0,134,5,23
2026-05-13,1479118220517328,fb,15298,15400,102,339,15,53
2026-05-13,2445443019237006,fb,4607,4764,0,97,4,33
2026-05-13,1327100795969723,fb,2659,2803,1,57,1,11
2026-05-13,770948119286458,fb,10841,11071,5,352,2,51
2026-05-13,1218409573702798,fb,4604,4616,2,74,1,15
2026-05-13,946358478014051,fb,7204,7518,83,88,0,51
2026-05-13,18094037383899600,ig,4150,3201,0,103,11,23
2026-05-13,18088148102593158,ig,7209,5482,53,134,11,52
2026-05-13,17889209043351149,ig,12841,10094,1,185,50,68
2026-05-13,17897596362439995,ig,12725,8949,4,218,10,63
2026-05-13,17928927198256219,ig,2742,2180,5,24,1,15
2026-05-13,18369921802204810,ig,16024,10215,192,148,18,70
2026-05-13,992409379972726,fb,2448,2437,3,17,0,9
2026-05-13,1685331449569077,fb,263232,310268,61,3787,256,75
2026-05-13,17935483923216851,ig,23467,16778,3,488,48,70
2026-05-13,18127431946573632,ig,2316,1823,14,13,1,24
2026-05-13,18103702759936421,ig,5504,3989,184,92,5,71
2026-05-13,1297979515814750,fb,18585,19116,412,305,5,73
2026-05-13,1486532986230905,fb,1936,1985,0,18,0,12
2026-05-13,18140932966518922,ig,28847,19514,67,696,47,51
2026-05-13,17866823223671708,ig,2721,2298,0,33,4,30
2026-05-13,939633498894840,fb,7106,7513,75,145,1,49
2026-05-13,982031720841319,fb,8502,8570,75,169,5,51
2026-05-13,17978131740007316,ig,4680,3696,23,39,0,26
2026-05-13,17956390098108684,ig,4275,3103,53,45,3,47
2026-05-13,1950140099205338,fb,1455,1497,0,31,1,0
2026-05-13,1461501238810777,fb,8318,8685,145,138,0,61
2026-05-13,1532951375210753,fb,1065,1102,0,17,2,0
2026-05-13,18079713500392937,ig,3094,2481,1,24,7,41
2026-05-13,17966695179076342,ig,3917,3122,67,53,1,50
2026-05-13,935996825866036,fb,5335,5446,7,182,6,29
2026-05-13,17893518405460188,ig,6373,4985,5,143,23,35
2026-05-13,1937578960215234,fb,5519,5166,0,81,4,37
2026-05-13,18073511819252581,ig,6505,5302,0,59,2,38
2026-05-13,1519952812822608,fb,3321,3386,0,69,0,16
2026-05-13,1479065100557230,fb,1778,1784,1,39,0,22
2026-05-13,1495912212189973,fb,2716,2796,3,41,0,10
2026-05-13,18078635114149965,ig,4985,4227,14,33,5,31
2026-05-13,17934267153230042,ig,14947,10811,2,285,15,62
2026-05-13,789059620737242,fb,1285,1297,0,9,0,0
2026-05-13,18121299403649184,ig,5723,4859,0,54,1,32
2026-05-13,17848129185696999,ig,308907,207859,38,5064,153,70
2026-05-13,2388503981575279,fb,3698,3660,1,66,0,24
2026-05-13,2469642576827530,fb,4776,4859,3,148,2,38
2026-05-13,18002527046872703,ig,9245,6458,2,117,34,65
2026-05-13,2022651559131149,fb,8600,9031,108,142,1,56
2026-05-13,17925063801298597,ig,3368,3059,0,38,5,34
2026-05-13,18065866658677378,ig,4474,3847,44,30,8,49
2026-05-13,969440372335105,fb,6766,7380,158,110,6,70
2026-05-13,961299933495990,fb,17796,19298,1,259,4,49
2026-05-13,18556776097067563,ig,2404,1956,42,34,2,49
2026-05-13,18080055440420540,ig,41414,31766,4,845,57,72
2026-05-13,2508773376210204,fb,2794,2904,0,53,0,14
2026-05-13,18092003369018307,ig,4589,3714,1,53,10,46
2026-05-13,957598923668086,fb,4656,4991,0,82,2,28
2026-05-13,1696584428367674,fb,1977,2107,0,15,0,12
2026-05-13,18324450136269024,ig,10732,8230,1,191,25,63
2026-05-13,2395499794207288,fb,7739,8567,3,281,5,53
2026-05-13,17873643594604371,ig,15405,12445,3,337,14,63
2026-05-13,18118848475736830,ig,2257,1818,35,34,0,40
2026-05-13,18216432151320463,ig,26350,16502,1,270,18,62
2026-05-13,18352201690239937,ig,9404,6253,6,162,4,57
2026-05-13,18196103506363386,ig,18953,13042,0,133,11,57
2026-05-13,17991109511967696,ig,2404,1959,0,24,6,32
2026-05-13,18120234268728255,ig,4220,3067,2,86,23,52
2026-05-13,26392497683756040,fb,6258,6248,0,152,6,43
2026-05-13,26454313877596632,fb,8927,9503,4,158,2,49
2026-05-13,3858337047796068,fb,3819,3949,0,51,6,34
2026-05-13,1298069738321853,fb,5224,5242,3,74,1,38
2026-05-13,1227153256163261,fb,7516,7838,167,84,1,65
2026-05-13,967046245934064,fb,20955,22282,5,450,7,57
2026-05-13,18088999703600578,ig,2693,2138,61,27,1,52
2026-05-13,18188533369370647,ig,36952,24564,2,681,25,64
2026-05-13,1269195391966710,fb,7828,8076,0,116,2,40
2026-05-13,17863559952620581,ig,6341,4340,0,40,1,32
2026-05-13,1769058097811088,fb,38619,38721,1201,786,7,81
2026-05-13,842634435371875,fb,19212,19879,515,347,5,77
2026-05-13,950364297880185,fb,9530,9329,134,138,0,58
2026-05-13,867735193013841,fb,224065,256139,37,2423,19,61
2026-05-13,17993915882778870,ig,9456,6787,443,247,5,82
2026-05-13,18200689852349634,ig,6683,5327,233,112,7,80
2026-05-13,18062422460424528,ig,5812,4816,56,85,3,48
2026-05-13,18102135334945462,ig,71117,41065,19,1257,45,73
2026-05-13,769488392912429,fb,6763,6760,261,110,1,69
2026-05-13,1544936643722271,fb,6098,6224,95,80,3,57
2026-05-13,1730299787955983,fb,11290,11173,0,134,3,47
2026-05-13,18069595058662385,ig,2480,2030,30,31,0,36
2026-05-13,18093309229919164,ig,26357,15564,490,399,46,82
2026-05-13,18580941652042688,ig,3948,2612,1,45,6,41
2026-05-13,719970347845701,fb,24280,26625,13,383,6,61
2026-05-13,18318408778282211,ig,28242,18453,5,383,4,56
2026-05-13,1624311645498383,fb,21330,24962,4,291,2,52
2026-05-13,18128663083519983,ig,7561,5292,0,112,3,41
2026-05-13,1483391286500545,fb,42311,41820,395,647,23,60
2026-05-13,1299817488878471,fb,4950,5130,38,33,0,32
2026-05-13,1005268672175562,fb,6194,6338,92,65,0,52
2026-05-13,796937846629959,fb,16971,17850,1,324,1,47
2026-05-13,18575694277009467,ig,20706,13663,289,404,37,74
2026-05-13,18104116411755060,ig,2182,1569,33,29,0,39
2026-05-13,18098677016120766,ig,2761,1974,14,82,4,43
2026-05-13,18007627949910156,ig,1813,1493,10,16,0,18
2026-05-13,17901569583264130,ig,44935,24920,3,1097,46,70
2026-05-13,1130282035930544,fb,14848,15525,19,275,6,63
2026-05-13,18358764757237078,ig,3927,2674,0,41,3,30
2026-05-13,2083101712639031,fb,20853,24557,6,312,1,53
2026-05-13,18019673342831759,ig,11186,7531,3,177,3,53
2026-05-13,955314570685700,fb,3171,3225,2,61,0,27
2026-05-13,18082906328379345,ig,4343,2929,42,73,29,47
2026-05-13,18064678049402899,ig,1298,1071,2,11,0,0
2026-05-13,17999705177926524,ig,1752,1202,1,18,0,21
2026-05-13,1934017617248107,fb,5022,5234,10,113,3,45
2026-05-13,17891632116341434,ig,4516,3145,3,37,2,40
2026-05-13,1700950354372275,fb,7832,8254,26,169,10,63
2026-05-13,18321779176253488,ig,5559,3572,14,124,14,59
2026-05-13,1878143446220097,fb,7053,7475,101,113,3,57
2026-05-13,1353928069903141,fb,5179,5524,5,136,1,40
2026-05-13,18120202501735077,ig,3619,2577,50,53,26,53
2026-05-13,17919176484147579,ig,14016,9974,4,176,32,71
2026-05-13,1462435125101204,fb,14510,14784,0,162,0,46
2026-05-13,17952063141137025,ig,3017,2060,0,16,0,14
2026-05-13,18121838269714312,ig,5381,3776,0,73,6,41
2026-05-13,2027719584763163,fb,9503,9574,136,202,5,63
2026-05-13,860368276317988,fb,37407,37508,5,617,33,66
2026-05-13,18066245798341010,ig,7445,5298,85,126,6,58
2026-05-13,18050617241737824,ig,8871,5729,1,139,22,59
2026-05-13,1267430578879497,fb,5901,6049,1,107,4,41
2026-05-13,18067488362669652,ig,4840,3304,0,46,10,42
2026-05-13,2744523959238602,fb,5920,6058,62,152,2,45
2026-05-13,1647132799664170,fb,6887,7027,0,143,3,40
2026-05-13,17977045566040438,ig,1697,1264,8,15,1,19
2026-05-13,17854124580658550,ig,4750,3076,0,50,2,28
2026-05-13,1973217906895873,fb,5487,5612,39,128,2,36
2026-05-13,18181542772376541,ig,2389,1718,6,32,0,12
2026-05-13,1536080201282985,fb,10031,10234,230,230,0,54
2026-05-13,17859374676633634,ig,2277,1571,26,22,0,26
2026-05-13,18122470582713753,ig,7115,5049,3,132,34,65
2026-05-13,1312907507434093,fb,59130,57206,5,852,120,72
2026-05-13,1841116836557541,fb,5768,5771,31,76,1,31
2026-05-13,976175788228834,fb,6954,6874,2,195,22,58
2026-05-13,18049042016750312,ig,2176,1543,16,20,30,36
2026-05-13,18090971609602219,ig,2400,1702,1,54,11,43
2026-05-13,2051659405765342,fb,6019,6069,0,106,2,33
2026-05-13,18106786958493165,ig,2043,1550,0,25,4,29
2026-05-13,964537213107656,fb,8755,8725,173,186,5,69
2026-05-13,990385046897065,fb,10726,11719,1,132,3,48
2026-05-13,18088233017593320,ig,2420,1641,43,37,1,46
2026-05-13,18002641526869724,ig,4706,3150,1,35,2,33
2026-05-13,1907964949918696,fb,6562,6622,35,99,1,34
2026-05-13,1448111353822208,fb,22481,22608,579,459,9,78
2026-05-13,1684234236090736,fb,6961,6924,75,135,1,48
2026-05-13,972523058975831,fb,6119,6215,1,50,0,32
2026-05-13,17939117532212500,ig,2686,1920,36,25,1,39
2026-05-13,18092265139960973,ig,7542,5719,215,229,7,79
2026-05-13,18194202823363273,ig,2097,1584,22,44,0,30
2026-05-13,17887712688482246,ig,4525,2997,0,32,0,21
2026-05-13,953022430832202,fb,11705,12136,226,190,1,67
2026-05-13,2057824875115921,fb,88093,86076,24,2126,379,83
2026-05-13,17873294280605366,ig,2080,1487,30,24,4,47
2026-05-13,18099397934040780,ig,9036,5776,3,245,90,71
2026-05-13,3030056877184386,fb,5696,5751,5,97,0,39
2026-05-13,18130004215599118,ig,3772,2566,0,46,2,26
2026-05-13,1777886130254759,fb,12327,12946,189,196,11,69
2026-05-13,1628347578388104,fb,62005,63181,27,1039,8,66
2026-05-13,17955648879133440,ig,1861,1372,14,31,1,27
2026-05-13,17862628818573442,ig,33181,18511,9,573,15,65
2026-05-13,1843521206326271,fb,4511,4597,1,133,3,35
2026-05-13,18588612718030449,ig,4443,3131,1,84,3,36
2026-05-13,2485198338568357,fb,5751,5972,42,131,0,35
2026-05-13,939569669073933,fb,3838,3993,0,120,0,20
2026-05-13,17929767270086058,ig,1930,1299,16,28,2,31
2026-05-13,18089268209584232,ig,3285,2366,0,50,0,16
2026-05-13,1645169876749832,fb,2897,2900,0,57,0,14
2026-05-13,18081598103435504,ig,4692,3527,0,72,6,38
2026-05-13,834508439252141,fb,157,0,0,0,0,0
2026-05-13,1013787674309235,fb,1230,1051,1,20,0,0
2026-05-13,18142931524453569,ig,757,375,5,13,0,0
2026-05-13,18076907633220845,ig,4786,2538,4,84,1,36
2026-05-13,1457050302409510,fb,315,173,0,0,0,0
2026-05-13,18123342931714429,ig,448,178,1,7,0,0
2026-05-13,1504016064571161,fb,563,527,1,14,0,0
2026-05-13,2037457900142021,fb,2198,2139,0,77,5,17
2026-05-13,17887823418377834,ig,859,605,0,8,0,0
2026-05-13,17865570708622164,ig,1607,1023,0,26,3,14
2026-05-13,4105507339747365,fb,1864,1808,1,44,1,29
2026-05-13,18065377922399690,ig,1305,852,0,16,0,0
2026-05-14,809802795138517,fb,5112,5432,0,135,5,24
2026-05-14,1479118220517328,fb,15362,15483,104,340,15,54
2026-05-14,2445443019237006,fb,4611,4764,0,97,4,32
2026-05-14,1327100795969723,fb,2661,2807,1,57,1,11
2026-05-14,18094037383899600,ig,4153,3211,0,103,11,24
2026-05-14,18088148102593158,ig,7218,5482,53,135,11,53
2026-05-14,17889209043351149,ig,12855,10111,1,185,50,67
2026-05-14,992409379972726,fb,2449,2441,3,17,0,10
2026-05-14,1685331449569077,fb,264355,310688,62,3825,259,75
2026-05-14,17935483923216851,ig,23472,16778,3,488,48,70
2026-05-14,18127431946573632,ig,2316,1823,14,13,1,24
2026-05-14,18103702759936421,ig,5506,3989,184,92,5,71
2026-05-14,1297979515814750,fb,18609,19157,413,305,5,74
2026-05-14,1486532986230905,fb,1937,1988,0,18,0,11
2026-05-14,18140932966518922,ig,28885,19557,67,696,47,51
2026-05-14,17866823223671708,ig,2721,2298,0,33,4,30
2026-05-14,939633498894840,fb,7116,7523,75,145,1,49
2026-05-14,982031720841319,fb,8518,8570,75,169,5,51
2026-05-14,17978131740007316,ig,4680,3696,23,39,0,26
2026-05-14,17956390098108684,ig,4278,3103,53,45,3,47
2026-05-14,1950140099205338,fb,1458,1499,0,31,1,0
2026-05-14,1461501238810777,fb,8323,8685,145,138,0,62
2026-05-14,1532951375210753,fb,1068,1102,0,17,2,0
2026-05-14,18079713500392937,ig,3097,2482,1,24,7,41
2026-05-14,17966695179076342,ig,3917,3122,67,53,1,50
2026-05-14,935996825866036,fb,5343,5467,7,182,6,29
2026-05-14,17893518405460188,ig,6380,4991,5,143,23,35
2026-05-14,1937578960215234,fb,5526,5171,0,81,4,36
2026-05-14,18073511819252581,ig,6506,5302,0,59,2,37
2026-05-14,1519952812822608,fb,3325,3397,0,69,0,16
2026-05-14,1479065100557230,fb,1782,1787,1,41,0,22
2026-05-14,1495912212189973,fb,2723,2796,3,41,0,10
2026-05-14,18078635114149965,ig,4989,4235,14,33,5,32
2026-05-14,17934267153230042,ig,14954,10817,2,285,15,62
2026-05-14,789059620737242,fb,1286,1297,0,9,0,0
2026-05-14,18121299403649184,ig,5726,4869,0,54,1,31
2026-05-14,17848129185696999,ig,310353,208566,38,5119,154,70
2026-05-14,2388503981575279,fb,3701,3660,1,66,0,24
2026-05-14,2469642576827530,fb,4778,4859,3,148,2,38
2026-05-14,18002527046872703,ig,9256,6467,2,118,34,65
2026-05-14,2022651559131149,fb,8614,9042,108,142,1,56
2026-05-14,17925063801298597,ig,3371,3062,0,38,5,34
2026-05-14,18065866658677378,ig,4484,3854,44,30,8,50
2026-05-14,969440372335105,fb,6776,7389,158,110,6,70
2026-05-14,961299933495990,fb,18134,19704,2,266,4,50
2026-05-14,18556776097067563,ig,2411,1964,42,34,2,50
2026-05-14,18080055440420540,ig,41436,31780,4,846,57,71
2026-05-14,2508773376210204,fb,2797,2908,0,53,0,14
2026-05-14,18092003369018307,ig,4605,3720,1,53,10,46
2026-05-14,957598923668086,fb,4674,5014,0,84,2,28
2026-05-14,1696584428367674,fb,1980,2113,0,16,0,12
2026-05-14,18324450136269024,ig,10757,8247,1,191,25,63
2026-05-14,2395499794207288,fb,7767,8586,3,282,5,54
2026-05-14,17873643594604371,ig,15429,12445,3,337,14,63
2026-05-14,18118848475736830,ig,2277,1835,35,34,0,41
2026-05-14,18216432151320463,ig,26513,16547,1,273,18,62
2026-05-14,18352201690239937,ig,9479,6321,6,164,4,57
2026-05-14,18196103506363386,ig,19134,13153,0,134,11,57
2026-05-14,17991109511967696,ig,2428,1969,0,24,6,32
2026-05-14,18120234268728255,ig,4301,3099,2,87,23,52
2026-05-14,26392497683756040,fb,6283,6278,0,153,6,42
2026-05-14,26454313877596632,fb,8973,9606,4,158,2,49
2026-05-14,3858337047796068,fb,3827,3957,0,51,6,34
2026-05-14,1298069738321853,fb,5264,5285,3,76,1,38
2026-05-14,1227153256163261,fb,7524,7846,167,84,1,65
2026-05-14,967046245934064,fb,21044,22414,5,450,7,56
2026-05-14,18088999703600578,ig,2734,2170,61,28,1,53
2026-05-14,18188533369370647,ig,37222,24752,2,686,25,65
2026-05-14,1269195391966710,fb,7894,8144,0,118,2,40
2026-05-14,17863559952620581,ig,6431,4382,0,42,1,32
2026-05-14,1769058097811088,fb,38658,38791,1201,791,7,81
2026-05-14,842634435371875,fb,19304,19968,518,349,5,77
2026-05-14,950364297880185,fb,9550,9359,134,139,0,58
2026-05-14,867735193013841,fb,224111,256139,37,2426,19,61
2026-05-14,17993915882778870,ig,9534,6871,443,248,5,82
2026-05-14,18200689852349634,ig,6728,5356,233,112,7,80
2026-05-14,18062422460424528,ig,5843,4955,56,85,3,49
2026-05-14,18102135334945462,ig,71248,41152,19,1257,45,73
2026-05-14,769488392912429,fb,6774,6764,261,110,1,68
2026-05-14,1544936643722271,fb,6114,6244,95,80,3,56
2026-05-14,1730299787955983,fb,11313,11190,0,134,3,47
2026-05-14,18069595058662385,ig,2521,2068,32,32,0,37
2026-05-14,18093309229919164,ig,26444,15632,490,400,46,83
2026-05-14,18580941652042688,ig,3993,2645,1,45,6,41
2026-05-14,719970347845701,fb,24361,26679,13,385,6,61
2026-05-14,18318408778282211,ig,28353,18594,5,385,4,56
2026-05-14,1624311645498383,fb,21459,25139,4,295,2,52
2026-05-14,18128663083519983,ig,7628,5329,0,112,3,41
2026-05-14,1483391286500545,fb,42538,42084,397,656,23,61
2026-05-14,1299817488878471,fb,4959,5139,38,33,0,32
2026-05-14,1005268672175562,fb,6205,6338,92,65,0,52
2026-05-14,796937846629959,fb,17065,17938,1,326,1,47
2026-05-14,18575694277009467,ig,20817,13748,291,404,37,75
2026-05-14,18104116411755060,ig,2214,1604,33,30,0,39
2026-05-14,18098677016120766,ig,2797,2014,14,84,4,43
2026-05-14,18007627949910156,ig,1844,1535,10,16,0,18
2026-05-14,17901569583264130,ig,45061,25010,3,1097,46,70
2026-05-14,1130282035930544,fb,15396,16200,19,288,6,63
2026-05-14,18358764757237078,ig,3992,2711,0,41,3,30
2026-05-14,2083101712639031,fb,21188,24929,6,320,1,54
2026-05-14,18019673342831759,ig,11280,7580,3,178,3,53
2026-05-14,955314570685700,fb,3188,3230,2,61,0,27
2026-05-14,18082906328379345,ig,4389,2963,42,73,29,47
2026-05-14,18064678049402899,ig,1339,1098,2,12,0,0
2026-05-14,17999705177926524,ig,1783,1223,1,18,0,21
2026-05-14,1934017617248107,fb,5037,5245,10,113,3,45
2026-05-14,17891632116341434,ig,4573,3192,3,37,2,39
2026-05-14,1700950354372275,fb,7890,8311,27,172,11,63
2026-05-14,18321779176253488,ig,5615,3612,14,125,14,59
2026-05-14,1878143446220097,fb,7080,7500,101,113,3,58
2026-05-14,1353928069903141,fb,5210,5540,5,136,1,40
2026-05-14,18120202501735077,ig,3675,2630,50,54,26,53
2026-05-14,17919176484147579,ig,14132,10062,4,178,32,71
2026-05-14,1462435125101204,fb,14575,14855,0,162,0,46
2026-05-14,17952063141137025,ig,3065,2090,0,16,0,14
2026-05-14,18121838269714312,ig,5469,3834,0,74,6,41
2026-05-14,2027719584763163,fb,9553,9657,136,202,5,63
2026-05-14,860368276317988,fb,38072,38020,5,639,34,66
2026-05-14,18066245798341010,ig,7531,5356,85,127,6,59
2026-05-14,18050617241737824,ig,8960,5788,1,140,23,59
2026-05-14,1267430578879497,fb,6417,6612,1,115,6,45
2026-05-14,18067488362669652,ig,4913,3360,0,47,10,41
2026-05-14,2744523959238602,fb,6000,6145,62,156,2,45
2026-05-14,1647132799664170,fb,7044,7232,0,149,3,40
2026-05-14,17977045566040438,ig,1754,1324,8,16,1,19
2026-05-14,17854124580658550,ig,4819,3108,0,52,2,28
2026-05-14,1973217906895873,fb,5571,5708,39,128,2,37
2026-05-14,18181542772376541,ig,2428,1768,6,32,0,12
2026-05-14,1536080201282985,fb,10093,10284,230,232,0,54
2026-05-14,17859374676633634,ig,2308,1601,26,22,0,26
2026-05-14,18122470582713753,ig,7374,5225,3,133,35,65
2026-05-14,1312907507434093,fb,61179,58903,6,873,125,72
2026-05-14,1841116836557541,fb,5822,5825,32,79,1,31
2026-05-14,976175788228834,fb,7171,7033,2,205,25,58
2026-05-14,18049042016750312,ig,2221,1578,16,21,30,36
2026-05-14,18090971609602219,ig,2466,1739,1,57,12,43
2026-05-14,2051659405765342,fb,6125,6178,0,110,3,36
2026-05-14,18106786958493165,ig,2089,1593,0,26,4,29
2026-05-14,964537213107656,fb,8925,8873,175,191,5,70
2026-05-14,990385046897065,fb,11450,12404,1,143,3,48
2026-05-14,18088233017593320,ig,2474,1688,43,39,1,46
2026-05-14,18002641526869724,ig,4823,3235,1,36,2,33
2026-05-14,1907964949918696,fb,6726,6785,37,101,1,36
2026-05-14,1448111353822208,fb,23179,23400,593,478,10,79
2026-05-14,1684234236090736,fb,7049,7052,75,136,1,48
2026-05-14,972523058975831,fb,6254,6388,1,55,0,32
2026-05-14,17939117532212500,ig,2778,1982,36,26,1,40
2026-05-14,18092265139960973,ig,7755,5829,217,235,7,79
2026-05-14,18194202823363273,ig,2161,1639,22,45,0,30
2026-05-14,17887712688482246,ig,4675,3085,0,33,0,21
2026-05-14,953022430832202,fb,13056,13469,241,208,1,67
2026-05-14,2057824875115921,fb,96683,95410,27,2324,429,83
2026-05-14,17873294280605366,ig,2224,1595,32,24,4,48
2026-05-14,18099397934040780,ig,9418,6027,3,264,93,72
2026-05-14,3030056877184386,fb,6142,6181,5,109,0,40
2026-05-14,18130004215599118,ig,3938,2652,0,46,2,26
2026-05-14,1777886130254759,fb,13475,14146,197,225,12,69
2026-05-14,1628347578388104,fb,85363,87881,28,1262,10,65
2026-05-14,17955648879133440,ig,1978,1472,16,32,1,28
2026-05-14,17862628818573442,ig,34431,19254,10,599,15,66
2026-05-14,1843521206326271,fb,5144,5359,1,148,3,37
2026-05-14,18588612718030449,ig,4759,3350,1,87,3,37
2026-05-14,2485198338568357,fb,6526,6751,45,144,0,37
2026-05-14,939569669073933,fb,5169,5369,0,162,2,31
2026-05-14,17929767270086058,ig,2129,1438,18,28,2,32
2026-05-14,18089268209584232,ig,3791,2800,0,60,0,18
2026-05-14,1645169876749832,fb,4678,4408,0,95,1,23
2026-05-14,18081598103435504,ig,6359,4734,0,90,6,44
2026-05-14,834508439252141,fb,9699,9819,135,194,2,59
2026-05-14,1013787674309235,fb,13105,13368,3,176,0,50
2026-05-14,18142931524453569,ig,6325,4597,44,85,1,38
2026-05-14,18076907633220845,ig,10974,6576,4,152,31,69
2026-05-14,1457050302409510,fb,2330,2319,0,50,1,19
2026-05-14,18123342931714429,ig,1523,1216,1,13,0,22
2026-05-14,1504016064571161,fb,563,527,1,14,0,0
2026-05-14,2037457900142021,fb,2198,2139,0,77,5,17
2026-05-14,17887823418377834,ig,859,605,0,8,0,0
2026-05-14,17865570708622164,ig,1607,1023,0,26,3,14
2026-05-14,4105507339747365,fb,1864,1808,1,44,1,29
2026-05-14,18065377922399690,ig,1305,852,0,16,0,0
2026-05-14,1738294600487809,fb,1328,1140,1,12,0,0
2026-05-14,1529842932007115,fb,2901,2884,0,55,1,12
2026-05-14,18210508321328451,ig,846,592,0,7,0,0
2026-05-14,18137139736554954,ig,1765,1162,0,33,6,31
2026-05-14,1194607216023133,fb,1780,1582,0,27,0,11
2026-05-14,2232504037560684,fb,2534,2434,13,33,0,18
2026-05-14,18078936782535951,ig,1474,1046,0,25,1,0
2026-05-14,17897221296448806,ig,750,504,5,6,1,0
2026-05-15,992409379972726,fb,2450,2444,3,17,0,10
2026-05-15,1685331449569077,fb,265223,312113,62,3854,262,76
2026-05-15,17935483923216851,ig,23479,16784,3,488,48,70
2026-05-15,18127431946573632,ig,2317,1824,14,13,1,25
2026-05-15,18103702759936421,ig,5515,3996,184,92,5,72
2026-05-15,1297979515814750,fb,18621,19157,414,305,5,75
2026-05-15,1486532986230905,fb,1938,1990,0,18,0,12
2026-05-15,18140932966518922,ig,28942,19565,67,696,47,51
2026-05-15,17866823223671708,ig,2723,2301,0,33,4,31
2026-05-15,939633498894840,fb,7120,7525,75,145,1,50
2026-05-15,982031720841319,fb,8526,8570,75,169,5,51
2026-05-15,17978131740007316,ig,4680,3696,23,39,0,27
2026-05-15,17956390098108684,ig,4279,3103,53,45,3,47
2026-05-15,1950140099205338,fb,1459,1501,0,31,1,0
2026-05-15,1461501238810777,fb,8325,8685,145,138,0,62
2026-05-15,1532951375210753,fb,1070,1105,0,17,2,0
2026-05-15,18079713500392937,ig,3098,2484,1,24,7,41
2026-05-15,17966695179076342,ig,3919,3122,67,53,1,51
2026-05-15,935996825866036,fb,5355,5483,7,182,6,29
2026-05-15,17893518405460188,ig,6380,4992,5,143,23,36
2026-05-15,1937578960215234,fb,5529,5171,0,81,4,36
2026-05-15,18073511819252581,ig,6507,5302,0,59,2,37
2026-05-15,1519952812822608,fb,3332,3407,0,69,0,17
2026-05-15,1479065100557230,fb,1783,1789,1,41,0,22
2026-05-15,1495912212189973,fb,2728,2807,3,41,0,11
2026-05-15,18078635114149965,ig,4990,4235,14,33,5,32
2026-05-15,17934267153230042,ig,14956,10820,2,285,15,63
2026-05-15,789059620737242,fb,1288,1301,0,9,0,0
2026-05-15,18121299403649184,ig,5727,4869,0,54,1,32
2026-05-15,17848129185696999,ig,311173,208566,38,5140,154,70
2026-05-15,2388503981575279,fb,3705,3660,1,66,0,24
2026-05-15,2469642576827530,fb,4780,4869,3,148,2,38
2026-05-15,18002527046872703,ig,9267,6477,2,119,34,66
2026-05-15,2022651559131149,fb,8620,9042,108,142,1,56
2026-05-15,17925063801298597,ig,3377,3067,0,38,5,34
2026-05-15,18065866658677378,ig,4489,3860,44,30,8,50
2026-05-15,969440372335105,fb,6784,7399,158,110,6,71
2026-05-15,961299933495990,fb,18469,20241,2,268,5,52
2026-05-15,18556776097067563,ig,2415,1969,42,34,2,50
2026-05-15,18080055440420540,ig,41456,31788,4,846,57,71
2026-05-15,2508773376210204,fb,2800,2908,0,53,0,15
2026-05-15,18092003369018307,ig,4611,3720,1,53,10,46
2026-05-15,957598923668086,fb,4689,5049,0,85,2,28
2026-05-15,1696584428367674,fb,1981,2113,0,16,0,12
2026-05-15,18324450136269024,ig,10765,8253,1,191,25,63
2026-05-15,2395499794207288,fb,7779,8589,3,282,5,54
2026-05-15,17873643594604371,ig,15448,12447,3,339,14,64
2026-05-15,18118848475736830,ig,2282,1840,35,34,0,41
2026-05-15,18216432151320463,ig,26520,16549,1,273,18,62
2026-05-15,18352201690239937,ig,9492,6335,6,164,4,58
2026-05-15,18196103506363386,ig,19183,13168,0,134,11,57
2026-05-15,17991109511967696,ig,2435,1982,0,24,6,32
2026-05-15,18120234268728255,ig,4319,3117,2,86,23,53
2026-05-15,26392497683756040,fb,6294,6281,0,153,6,42
2026-05-15,26454313877596632,fb,8994,9627,4,158,2,49
2026-05-15,3858337047796068,fb,3835,3964,0,51,6,34
2026-05-15,1298069738321853,fb,5273,5288,3,77,1,38
2026-05-15,1227153256163261,fb,7534,7854,167,84,1,65
2026-05-15,967046245934064,fb,21099,22605,5,450,7,57
2026-05-15,18088999703600578,ig,2768,2199,61,30,1,52
2026-05-15,18188533369370647,ig,37374,24932,2,687,25,65
2026-05-15,1269195391966710,fb,7968,8226,0,120,2,41
2026-05-15,17863559952620581,ig,6576,4443,0,44,1,33
2026-05-15,1769058097811088,fb,38718,38791,1202,792,7,81
2026-05-15,842634435371875,fb,19351,19993,523,351,5,77
2026-05-15,950364297880185,fb,9570,9367,134,140,0,59
2026-05-15,867735193013841,fb,224144,256139,37,2426,19,61
2026-05-15,17993915882778870,ig,9627,6917,446,251,5,83
2026-05-15,18200689852349634,ig,6781,5414,233,112,7,80
2026-05-15,18062422460424528,ig,5874,4986,56,85,3,49
2026-05-15,18102135334945462,ig,71402,41226,19,1260,45,73
2026-05-15,769488392912429,fb,6781,6767,261,110,1,68
2026-05-15,1544936643722271,fb,6124,6256,95,80,3,57
2026-05-15,1730299787955983,fb,11334,11203,0,134,3,47
2026-05-15,18069595058662385,ig,2548,2079,32,32,0,37
2026-05-15,18093309229919164,ig,26525,15648,494,400,46,83
2026-05-15,18580941652042688,ig,4028,2670,1,45,6,41
2026-05-15,719970347845701,fb,24404,26845,14,389,7,62
2026-05-15,18318408778282211,ig,28480,18647,5,385,4,56
2026-05-15,1624311645498383,fb,21512,25159,4,297,2,53
2026-05-15,18128663083519983,ig,7682,5346,0,114,3,42
2026-05-15,1483391286500545,fb,42778,42383,398,661,23,61
2026-05-15,1299817488878471,fb,4967,5148,38,33,0,32
2026-05-15,1005268672175562,fb,6219,6359,92,65,0,52
2026-05-15,796937846629959,fb,17162,18102,1,327,1,47
2026-05-15,18575694277009467,ig,20895,13771,292,405,37,75
2026-05-15,18104116411755060,ig,2234,1617,33,30,0,39
2026-05-15,18098677016120766,ig,2836,2041,14,85,4,43
2026-05-15,18007627949910156,ig,1873,1558,10,16,0,18
2026-05-15,17901569583264130,ig,45184,25133,3,1099,46,70
2026-05-15,1130282035930544,fb,15858,16684,22,301,6,64
2026-05-15,18358764757237078,ig,4036,2730,0,42,3,31
2026-05-15,2083101712639031,fb,21350,25127,6,323,1,54
2026-05-15,18019673342831759,ig,11365,7682,3,179,3,53
2026-05-15,955314570685700,fb,3204,3250,2,61,0,28
2026-05-15,18082906328379345,ig,4426,2993,42,74,29,47
2026-05-15,18064678049402899,ig,1372,1127,2,13,0,0
2026-05-15,17999705177926524,ig,1812,1243,1,19,0,21
2026-05-15,1934017617248107,fb,5047,5250,10,113,3,45
2026-05-15,17891632116341434,ig,4641,3250,3,40,3,43
2026-05-15,1700950354372275,fb,7937,8355,27,173,11,64
2026-05-15,18321779176253488,ig,5669,3678,14,125,14,59
2026-05-15,1878143446220097,fb,7098,7517,101,113,3,58
2026-05-15,1353928069903141,fb,5230,5547,5,138,1,40
2026-05-15,18120202501735077,ig,3755,2689,50,55,26,53
2026-05-15,17919176484147579,ig,14263,10152,4,181,32,71
2026-05-15,1462435125101204,fb,14629,14916,0,162,0,46
2026-05-15,17952063141137025,ig,3142,2138,0,17,0,16
2026-05-15,18121838269714312,ig,5561,3920,0,75,6,41
2026-05-15,2027719584763163,fb,9627,9724,137,202,5,64
2026-05-15,860368276317988,fb,38475,38508,5,651,34,66
2026-05-15,18066245798341010,ig,7649,5454,85,130,6,59
2026-05-15,18050617241737824,ig,9072,5852,1,141,23,60
2026-05-15,1267430578879497,fb,6684,6933,1,119,6,47
2026-05-15,18067488362669652,ig,4991,3423,0,48,10,41
2026-05-15,2744523959238602,fb,6032,6177,62,156,2,45
2026-05-15,1647132799664170,fb,7104,7282,0,150,3,40
2026-05-15,17977045566040438,ig,1786,1345,10,16,1,24
2026-05-15,17854124580658550,ig,4892,3159,0,52,2,29
2026-05-15,1973217906895873,fb,5615,5749,39,129,2,37
2026-05-15,18181542772376541,ig,2457,1789,6,32,0,13
2026-05-15,1536080201282985,fb,10149,10320,232,233,0,55
2026-05-15,17859374676633634,ig,2336,1637,26,23,0,27
2026-05-15,18122470582713753,ig,7615,5334,3,136,35,66
2026-05-15,1312907507434093,fb,62078,59911,6,895,126,73
2026-05-15,1841116836557541,fb,5872,5875,32,79,1,32
2026-05-15,976175788228834,fb,7453,7385,2,214,26,60
2026-05-15,18049042016750312,ig,2273,1623,16,22,30,36
2026-05-15,18090971609602219,ig,2513,1777,1,58,12,44
2026-05-15,2051659405765342,fb,6199,6240,0,112,3,36
2026-05-15,18106786958493165,ig,2139,1634,0,26,4,29
2026-05-15,964537213107656,fb,9130,8954,177,194,5,70
2026-05-15,990385046897065,fb,11759,12729,1,148,3,49
2026-05-15,18088233017593320,ig,2514,1723,43,40,1,47
2026-05-15,18002641526869724,ig,4950,3319,1,36,2,34
2026-05-15,1907964949918696,fb,6839,6899,37,103,1,36
2026-05-15,1448111353822208,fb,23405,23575,598,483,10,79
2026-05-15,1684234236090736,fb,7133,7134,75,136,1,48
2026-05-15,972523058975831,fb,6316,6425,1,56,0,33
2026-05-15,17939117532212500,ig,2826,2003,36,26,1,41
2026-05-15,18092265139960973,ig,7951,6005,221,240,8,80
2026-05-15,18194202823363273,ig,2209,1684,22,45,0,31
2026-05-15,17887712688482246,ig,4765,3159,0,33,0,22
2026-05-15,953022430832202,fb,13213,13582,244,208,1,67
2026-05-15,2057824875115921,fb,103288,101261,28,2464,455,83
2026-05-15,17873294280605366,ig,2381,1709,36,26,5,51
2026-05-15,18099397934040780,ig,9691,6318,3,272,95,73
2026-05-15,3030056877184386,fb,6278,6290,5,113,0,41
2026-05-15,18130004215599118,ig,4100,2749,0,48,2,28
2026-05-15,1777886130254759,fb,14169,14745,204,240,12,69
2026-05-15,1628347578388104,fb,113571,116818,30,1585,16,66
2026-05-15,17955648879133440,ig,2058,1520,18,33,1,30
2026-05-15,17862628818573442,ig,35412,19996,10,613,16,66
2026-05-15,1843521206326271,fb,5419,5629,1,152,3,37
2026-05-15,18588612718030449,ig,4921,3466,1,88,3,38
2026-05-15,2485198338568357,fb,7030,7183,54,154,0,41
2026-05-15,939569669073933,fb,5990,6217,0,183,2,34
2026-05-15,17929767270086058,ig,2207,1489,20,31,2,34
2026-05-15,18089268209584232,ig,3953,2896,0,62,0,19
2026-05-15,1645169876749832,fb,5654,5570,0,115,1,28
2026-05-15,18081598103435504,ig,6864,5125,0,95,6,46
2026-05-15,834508439252141,fb,11298,11409,153,223,2,60
2026-05-15,1013787674309235,fb,14823,15142,4,190,0,52
2026-05-15,18142931524453569,ig,8210,6028,76,118,3,52
2026-05-15,18076907633220845,ig,12210,7339,4,160,31,70
2026-05-15,1457050302409510,fb,5285,5306,1,89,3,37
2026-05-15,18123342931714429,ig,1807,1432,1,15,0,21
2026-05-15,1504016064571161,fb,5532,5519,11,72,2,24
2026-05-15,2037457900142021,fb,8404,8637,0,271,24,38
2026-05-15,17887823418377834,ig,2085,1654,4,21,1,14
2026-05-15,17865570708622164,ig,3211,2222,0,57,14,21
2026-05-15,4105507339747365,fb,5750,5719,1,114,1,32
2026-05-15,18065377922399690,ig,2192,1582,0,34,0,12
2026-05-15,1738294600487809,fb,1328,1140,1,12,0,0
2026-05-15,1529842932007115,fb,2901,2884,0,55,1,12
2026-05-15,18210508321328451,ig,846,592,0,7,0,0
2026-05-15,18137139736554954,ig,1765,1162,0,33,6,31
2026-05-15,1194607216023133,fb,1780,1582,0,27,0,11
2026-05-15,2232504037560684,fb,2534,2434,13,33,0,18
2026-05-15,18078936782535951,ig,1474,1046,0,25,1,0
2026-05-15,17897221296448806,ig,750,504,5,6,1,0
